Team,2010,2011,2012,2013,2014,2015,2016,2017,2018,2019,2021,2022,2023,2024,2025,2026
Annandale,349-2191,499-2051,640-1910,737-1813,468-2082,524-2026,961-1588,1165-1385,940-1610,810-1738,534-2015,526-2023,314-2236,237-2322,165-2385,284-2146
Arlington Forest,1353-1187,1388-1162,1247-1303,1425-1125,1513-1037,1674-875,1618-932,1717-832,1625-925,1123-1427,1405-1144,1352-1198,1492-1057,1343-1222,1406-1144,1526-904
Brandywine,1104-1436,1363-1187,1450-1100,1334-1216,1276-1274,643-1907,896-1654,993-1557,1541-1009,1911-638,1895-653,1236-1312,487-2061,303-2248,437-2113,265-1679
Bren Mar-Edsall Park,0-0,0-0,0-0,0-0,0-0,0-0,0-0,0-0,0-0,0-0,0-0,0-0,0-0,0-0,0-0,0-0
Brookfield,1140-1400,1200-1350,940-1610,872-1678,1046-1504,890-1658,878-1672,691-1859,741-1809,1379-1169,758-1791,781-1765,883-1668,679-1871,686-1864,541-1403
Brookfield ,0-0,0-0,0-0,0-0,0-0,0-0,0-0,0-0,0-0,0-0,0-0,0-0,0-0,0-0,0-0,0-0
Broyhill Crest,98-1934,113-2437,104-2446,100-2450,105-2445,99-2451,113-2437,152-2398,235-2320,157-2393,171-2377,151-2397,150-2400,153-2398,106-2444,89-2341
Burke Station,556-1984,504-2046,458-2092,209-2341,205-2345,248-2301,447-2103,549-2001,532-2017,329-2220,346-2201,529-2021,546-2002,938-1613,831-1719,625-1805
Camelot,736-1804,984-1566,735-1815,830-1720,1113-1437,1198-1352,1327-1223,1347-1203,1658-892,994-1554,993-1556,1269-1280,1209-1340,1395-1159,965-1585,1109-1321
Canterbury Woods,1288-1252,907-1643,1129-1421,1007-1543,998-1552,870-1680,979-1571,1002-1548,698-1852,1000-1547,1702-847,1466-1083,1589-958,1735-817,1879-671,1227-717
Cardinal Hill,1847-693,1891-659,1855-695,2171-379,1905-645,1830-720,1876-674,1915-635,2093-457,2094-455,2056-492,2207-339,1847-703,1785-765,1686-864,1811-619
Chesterbrook,2536-4,2530-20,2541-9,2535-15,2534-16,2520-30,2544-5,2533-17,2545-5,2539-9,2523-26,2528-22,2520-30,2529-21,2518-32,2417-13
Commonwealth,1023-1517,797-1753,499-2051,470-2080,452-2098,276-2274,248-2302,264-2286,251-2299,207-2341,283-2266,444-2106,628-1922,851-1700,1033-1517,1312-1118
Cottontail,848-1692,1063-1487,1222-1328,1730-820,1760-790,1898-652,1687-863,1097-1453,1170-1379,765-1784,1477-1072,1568-982,1179-1369,1605-946,1264-1286,1400-1030
Country Club Hills,929-1611,1016-1534,1140-1410,1020-1530,1162-1388,1141-1409,1551-999,1811-739,1764-786,1657-893,1460-1088,1362-1187,1125-1425,1000-1550,679-1873,805-1625
Crosspointe,2231-309,2107-443,2001-549,1850-700,1964-586,2007-543,1874-676,2093-457,2203-347,2315-233,2352-198,2322-225,2337-210,2345-205,2351-200,2262-168
Daventry,604-1936,313-2237,256-2294,234-2316,408-2142,342-2207,342-2208,355-2195,435-2115,678-1887,1078-1471,1085-1465,943-1607,1060-1490,967-1583,752-1678
Dominion Hills,1050-1490,1388-1162,1306-1244,1398-1152,1548-1002,1782-768,1712-838,1629-921,1413-1137,1445-1105,1556-993,1597-951,1652-895,1693-857,1733-817,1796-634
Donaldson Run,2165-375,2285-265,2298-252,2138-412,2320-230,2263-286,2118-432,2297-253,2032-518,2402-147,2486-64,2441-107,2473-75,2435-115,2300-251,2046-384
Dowden Terrace,1409-1131,1373-1177,1533-1017,1709-841,1672-878,1844-706,2215-335,2233-317,2294-256,2389-160,2130-419,1832-726,1452-1096,1500-1051,1811-740,1238-706
Dunn Loring,2046-494,2140-410,2158-392,1948-602,2024-526,1897-653,1922-628,1696-854,1456-1094,1153-1397,1576-973,1916-634,1815-735,1597-954,1670-880,1377-1053
Edsall Park,55-1977,81-2469,68-2482,48-2502,67-2483,74-2476,49-2500,45-2505,25-2525,40-2510,25-2525,25-2523,25-2524,45-2506,44-2507,39-1905
Fair Oaks,1148-1392,1453-1097,1548-1002,1727-823,1669-881,1960-590,2021-529,1717-833,2093-457,2253-297,2410-139,2414-133,2117-432,2330-220,2338-212,1772-172
Fair Oaks ,0-0,0-0,0-0,0-0,0-0,0-0,0-0,0-0,0-0,0-0,0-0,0-0,0-0,0-0,0-0,0-0
Fairfax,2165-375,2187-363,2149-401,2100-450,2202-348,2191-359,2285-265,2365-185,2395-155,1289-1261,1444-1106,1839-711,1553-967,1822-728,1705-845,1020-924
Fairfax Club Estates,1277-1263,821-1729,731-1819,582-1968,756-1794,767-1783,805-1745,859-1691,1057-1493,1683-867,1003-1545,810-1739,665-1884,858-1694,853-1697,656-1288
Fairfax Station,2377-163,2137-413,2321-229,2204-346,1948-602,1527-1023,1646-904,1360-1190,1397-1153,1416-1134,1660-890,1759-791,1671-877,1443-1109,1237-1313,1434-996
Forest Hollow,1432-1108,1540-1010,1655-895,1388-1162,1435-1115,1213-1337,1270-1280,763-1787,834-1716,982-1568,1033-1517,1042-1507,1077-1473,1115-1436,1494-1056,1323-1107
Fox Hunt,1491-1049,1349-1201,1087-1463,895-1655,879-1671,587-1963,641-1909,480-2070,685-1865,672-1878,1006-1544,1073-1477,1453-1097,1833-717,2149-401,2050-380
Fox Mill Estates,1100-1440,954-1596,1077-1473,1367-1183,1558-992,1480-1070,1346-1204,1235-1315,980-1570,1031-1518,614-1936,809-1741,425-2125,421-2131,314-2238,196-2234
Fox Mill Woods,1831-709,1955-595,1782-768,1334-1216,1330-1220,1389-1161,1519-1031,1594-956,1572-978,929-621,519-2031,926-1621,544-2006,726-1824,631-1919,310-1634
Great Falls,1454-1086,1229-1321,1667-883,1274-1276,994-1556,1380-1170,1075-1475,1174-1376,1114-1436,1119-1431,1168-1382,912-1638,916-1632,689-1861,982-1572,838-1106
Greenbriar,1897-643,1468-1082,1608-942,1631-919,1683-867,1646-904,1915-635,1835-715,1474-1076,1304-1246,1216-1333,865-1686,1082-1467,1504-1046,1588-962,1843-587
Hamlet,2370-170,2287-263,2279-271,2210-340,2341-209,2193-357,2355-195,2240-310,2281-269,2168-381,2265-285,2239-310,2186-362,1986-564,1730-820,1588-842
Hayfield Farm,1120-1420,1345-1205,1075-1475,1046-1504,802-1748,652-1898,722-1828,651-1899,868-1682,838-1712,937-1613,645-1904,733-1816,884-1667,1057-1493,1029-1401
Herndon,233-2307,208-2342,174-2376,203-2347,364-2186,443-2107,385-2165,357-2193,401-2149,384-2165,289-2261,201-2349,207-2343,290-2260,358-2192,222-2208
Hiddenbrook,684-1856,823-1727,788-1762,1045-1505,1049-1501,1270-1280,1608-942,1838-712,1928-622,1987-562,1853-697,1868-682,1970-580,1967-586,2097-453,1850-580
High Point Pool,1724-816,1752-798,1258-1292,1428-1122,1455-1095,1843-706,1965-585,2181-369,2258-292,2241-308,2168-381,2092-458,2178-372,2229-322,2138-413,2137-293
Highland Park,1251-1289,1464-1086,1369-1181,1351-1199,1437-1113,1411-1139,1220-1330,941-1609,956-1594,1292-1258,1155-1395,763-1787,1046-1504,816-1736,759-1791,767-1177
Highlands Swim,2420-120,2452-98,2452-98,2394-156,2464-86,2446-104,2350-200,2466-84,2375-175,2457-91,2428-122,2434-116,2432-117,2465-86,2479-71,1892-52
Hollin Hills,271-2269,231-2319,315-2235,353-2197,563-1987,577-1973,479-2071,444-2106,395-2155,369-2181,441-2109,390-2160,327-2222,309-2197,234-2316,341-2089
Hollin Meadows,1311-1229,1388-1162,1407-1143,1610-940,1540-1010,1511-1039,1309-1241,1461-1089,1020-1530,1520-1030,864-1686,760-1790,1097-1452,1075-1478,1163-1387,1069-1361
Holmes Run Acres,1343-1197,1415-1135,1584-966,1603-947,1540-1010,1279-1271,600-1950,666-1884,705-1845,813-1737,700-1850,1291-1259,1237-1313,732-1820,858-1693,855-1089
Hunt Valley,1908-632,2153-397,2346-204,2221-329,2324-226,2235-315,2350-200,2062-488,2282-268,2038-511,2198-352,2034-515,2227-322,2192-358,2123-427,2120-310
Hunter Mill,2111-429,1844-706,1941-609,2305-245,2209-341,2361-189,2214-339,1827-723,2214-336,1925-625,1275-1274,1832-718,1642-907,1469-1082,1166-1384,1243-1187
Ilda Community,451-2089,548-2002,306-2244,491-2059,286-2264,531-2019,450-2100,528-2022,387-2163,400-2150,227-2323,211-2338,214-2336,209-2341,386-2164,227-2203
Kent Gardens,1354-1186,1324-1226,1220-1330,1523-1027,1520-1030,1908-642,1434-1116,1744-806,2067-482,2123-426,2196-354,2358-191,2344-204,2428-122,2346-204,1799-145
Kings Ridge,699-1841,562-1988,796-1754,802-1748,805-1745,624-1926,973-1577,838-1712,866-1684,724-1826,552-1998,923-1627,1180-1369,1367-1183,1327-1224,1818-612
Kings Ridge ,0-0,0-0,0-0,0-0,0-0,0-0,0-0,0-0,0-0,0-0,0-0,0-0,0-0,0-0,0-0,0-0
Lake Braddock,531-2009,374-2176,383-2167,503-2047,600-1950,596-1954,672-1878,398-2152,340-2210,410-2140,529-2021,351-2199,435-2115,293-2257,408-2142,373-1571
Lakevale Estates,2112-428,2121-429,2300-250,2163-387,2286-264,1884-666,2183-367,1396-1154,1715-835,1182-1368,1581-969,1787-762,1490-1060,1336-1215,1425-1125,961-1469
Lakeview,203-2337,438-2112,800-1750,849-1701,1126-1424,1283-1267,1545-1005,1580-970,1597-953,1694-855,1536-1014,1340-1209,1331-1218,1567-984,1666-884,1661-769
Langley,2004-536,2024-526,1974-576,2221-329,2067-483,2241-315,2258-292,2382-168,2180-370,2231-319,2403-147,2327-223,2360-190,2318-236,2306-244,2245-185
Laurel Hill,597-1943,544-2006,918-1632,885-1665,1042-1508,1153-1397,813-1737,807-1743,1118-1432,474-2076,599-1951,807-1743,479-2071,426-2124,446-2104,321-2109
Lee Graham,2379-161,2298-252,2148-402,2175-375,2095-455,2211-339,1974-576,2103-447,1791-759,1757-792,1827-723,1995-555,1895-655,1846-705,1942-608,1391-1039
Lincolnia Park,341-2199,258-2292,444-2106,208-2342,316-2234,193-2356,332-2218,308-2242,120-2430,212-2338,401-2149,448-2102,620-1930,708-1843,833-1717,806-1624
Little Hunting Park,631-1909,707-1843,579-1971,699-1851,490-2060,682-1868,639-1911,823-1727,1108-1442,1443-1107,1871-678,1906-644,1847-699,2007-543,2093-457,1856-574
Little Rocky Run,2187-353,2083-467,2283-267,2189-361,2214-336,2129-421,2277-273,2316-234,2321-229,1958-592,2193-357,2227-321,2166-384,2123-427,2010-540,1876-554
Long Branch,1078-1462,848-1702,674-1876,810-1740,699-1851,677-1873,353-2197,378-2171,250-2300,267-2283,270-2280,271-2278,264-2286,234-2316,319-2231,548-1882
Mansion House,1795-745,1619-931,1543-1007,1511-1039,1539-1011,1539-1011,1250-1300,1289-1261,867-1683,864-1684,1018-1532,1334-1215,1339-1210,1098-1452,1392-1159,1120-1310
Mantua,1638-902,1915-635,1877-673,1892-658,1675-875,1817-733,1752-798,1979-571,1855-695,1992-558,1997-553,2030-520,2075-387,2208-342,2015-535,1890-540
McLean,2419-121,2419-131,2502-48,2489-61,2469-81,2480-70,2480-70,2461-89,2431-119,2281-268,2355-195,2380-170,2263-286,2053-497,1710-841,2033-397
Mosby Woods,2066-474,2055-495,1677-873,1619-931,1797-753,1630-920,1763-787,1391-1158,1628-922,1035-1515,838-1712,880-1669,1029-1521,979-1571,868-1682,676-1268
Mount Vernon Park,2177-363,2034-516,2274-276,2271-279,2209-341,2207-343,2184-366,2252-298,2178-372,3189-360,1989-561,1893-657,1513-1036,1584-966,1558-992,1364-1066
Newington Forest,511-2029,522-2028,290-2260,323-2227,284-2266,230-2320,148-2402,147-2403,187-2363,279-2272,171-2379,132-2418,214-2336,253-2297,412-2138,359-2071
North Springfield,205-2335,196-2354,140-2410,154-2396,159-2391,151-2399,114-2436,110-2440,105-2445,140-2410,168-2382,150-2399,140-2410,190-2360,159-2391,252-2178
Oakton,2408-132,2192-358,2315-235,1897-653,1949-601,1809-741,1984-566,2077-473,2078-472,2166-384,2198-351,1949-600,2312-233,2307-243,2399-151,2228-202
Oakton ,0-0,0-0,0-0,0-0,0-0,0-0,0-0,0-0,0-0,0-0,0-0,0-0,0-0,0-0,0-0,0-0
Old Keene Mill,839-1701,716-1834,995-1555,811-1739,389-2161,612-1938,787-1763,1111-1439,1452-1098,1789-761,2213-337,2318-232,2424-125,2392-160,2486-64,1838-106
Orange Hunt,1512-1028,1577-973,1236-1314,1082-1468,1187-1363,1443-1107,1574-976,1996-554,1931-619,1906-644,1985-565,2137-413,2064-486,2012-540,1715-835,2037-393
Overlee,2516-24,2518-32,2521-29,2509-41,2527-23,2527-23,2515-35,2515-35,2521-29,2500-50,2507-43,2508-42,2520-30,2514-38,2485-65,2385-45
Parklawn,368-2172,588-1962,357-2193,303-2247,340-2210,514-2036,287-2263,295-2255,454-2096,538-2012,1168-1381,1293-1257,1534-1016,1756-798,1849-702,1469-475
Parliament,1038-1502,1189-1361,925-1625,683-1867,409-2141,304-2246,367-2183,240-2310,247-2303,318-2232,445-2105,504-2046,750-1800,815-1736,953-1597,769-1661
Pinecrest,1652-888,2151-399,1910-640,2073-477,1941-609,2026-524,1714-836,1921-629,1407-1143,1558-992,1699-851,1597-953,1886-664,1785-766,1732-819,1728-702
Pinewood Lake,37-2503,30-2520,50-2500,68-2482,33-2517,29-2521,29-2521,40-2510,57-2493,69-2481,52-2498,50-2500,50-2500,30-2521,31-2519,26-2404
Pleasant Valley,545-1995,253-2297,238-2312,249-2301,159-2391,147-2403,191-2359,164-2386,229-2321,259-2290,110-2439,126-2422,208-2341,294-2256,449-2101,341-2089
Poplar Heights,1439-1101,1627-923,1908-642,1666-884,1358-1192,1120-1430,1022-1528,1127-1423,1054-1496,1114-1436,1392-1158,1383-1161,1546-1004,1548-1003,1978-572,1607-823
Poplar Tree,1817-723,1735-815,1700-850,1835-715,1890-660,1669-881,1919-631,1786-764,1112-1438,643-1907,971-1579,840-1708,793-1757,843-1707,777-1773,504-1926
Ravensworth Farm,1383-1157,1591-959,1683-867,2039-511,2038-512,2058-492,2167-383,1824-726,1747-803,1468-1092,1516-1034,1600-947,1409-1141,1919-631,1790-760,1263-681
Riverside Gardens,1732-808,1935-615,1949-601,1809-741,1868-682,1550-1000,1545-1005,1194-1356,1281-1269,1108-1442,1144-1406,662-1887,661-1889,730-1821,886-1664,961-1469
Rolling Forest,1144-1396,1188-1362,1251-1299,1230-1320,1227-1323,936-1614,1097-1453,715-1835,583-1967,906-1644,979-1571,698-1851,845-1705,645-1907,873-1678,613-1817
Rolling Hills,652-1888,899-1651,450-2100,345-2205,333-2217,424-2126,473-2077,711-1839,837-1713,823-1727,1377-1173,1466-1084,1577-973,1882-668,1760-790,1838-592
Rolling Valley,289-2251,369-2181,513-2037,498-2052,575-1975,510-2040,354-2196,473-2077,684-1866,585-1964,870-1680,870-1678,972-1577,781-1770,513-2038,597-1833
Rutherford,607-1933,646-1904,755-1795,1048-1502,1040-1510,1193-1357,1153-1397,1285-1265,1048-1502,1101-1449,621-1929,457-2093,289-2261,349-2204,210-2341,303-2127
Shouse Village,1190-1350,1330-1220,1341-1209,1398-1152,907-1643,1028-1522,746-1804,1140-1410,658-1892,839-1710,868-1682,882-1668,1069-1480,1149-1401,1024-1528,917-1027
Sideburn Run,1725-815,1395-1155,1563-987,1337-1213,1683-867,1479-1071,1504-1046,1052-1498,1866-684,1993-557,934-1616,889-1661,817-1731,776-1775,472-2082,632-1798
Sleepy Hollow B & R,1904-636,1660-890,1683-867,1517-1033,1789-761,1876-674,1669-881,1597-953,1594-956,1598-952,1479-1070,1526-1024,1696-854,1570-981,1888-662,1628-802
Sleepy Hollow Rec,634-1906,637-1913,729-1821,633-1917,865-1685,1214-1336,1327-1223,1425-1125,1378-1172,1883-667,1794-756,1793-755,1756-792,1660-891,1815-735,1343-1087
Somerset-Olde Creek,132-2408,175-2375,304-2246,544-2006,650-1900,872-1678,955-1595,1075-1475,1182-1368,868-1682,826-1724,630-1920,698-1851,809-1741,843-1708,460-1484
South Run,1791-749,1119-1431,979-1571,962-1588,1082-1468,995-1555,1021-1529,891-1659,940-1610,1301-1248,1542-1008,1551-999,1801-747,1389-1161,1163-1387,1134-1296
Springboard,630-1910,537-2013,578-1972,593-1957,514-2036,968-1582,768-1782,1034-1516,911-1639,1271-1279,1519-1031,1632-916,1646-904,1685-867,1475-1075,1391-1039
Springfield,67-2473,71-2479,65-2485,62-2488,86-2464,94-2456,107-2443,92-2458,96-2454,96-2454,123-2427,185-2365,157-2374,113-2437,121-2429,79-1865
Stratford,468-2072,756-1794,1189-1361,1021-1529,941-1609,749-1801,850-1700,828-1722,734-1816,910-1640,948-1602,703-1847,833-1763,770-1782,1064-1488,1057-1373
Sully Station,1783-757,1998-552,1810-740,1833-717,1773-777,1514-1036,1814-736,1557-993,1451-1099,1296-1254,1112-1437,1141-1409,1364-1186,1123-1427,1348-1202,1082-1348
Sully Station II,1882-658,1997-553,1936-614,1870-680,1271-1279,1242-1308,1065-1485,749-1801,499-2051,773-1764,672-1878,763-1786,446-2104,407-2146,368-2183,163-2267
Truro,788-1752,708-1842,764-1786,841-1709,727-1823,803-1747,632-1918,826-1724,894-1656,1039-1511,804-1746,1028-1519,903-1647,1136-1415,828-1722,781-1649
Tuckahoe,2449-91,2526-24,2481-69,2514-36,2498-52,2499-51,2501-49,2520-30,2508-42,2478-72,2519-31,2486-28,2525-25,2526-26,2525-25,2402-28
Vienna Aquatic,2012-528,2350-200,2338-212,2357-193,2268-282,2154-396,2142-408,2305-245,2094-456,2205-345,2023-527,1889-659,2113-437,1908-642,2281-272,2115-315
Vienna Woods,2160-380,2400-150,2050-500,2279-271,2216-334,2126-424,2121-429,2057-493,2243-307,2098-452,2146-403,2020-529,2127-422,2098-396,2051-499,1974-456
Villa Aquatic,1469-1071,1281-1269,1516-1034,1416-1134,1632-918,1582-968,1380-1170,1842-708,1823-727,1286-1264,1205-1345,1002-1547,1320-1229,1257-1294,1542-1011,1088-1342
Village West,706-1834,660-1890,674-1876,359-2191,398-2152,456-2094,222-2328,230-2320,240-2310,206-2344,198-2352,230-2320,207-2342,306-2246,165-2385,498-1932
Virginia Hills,99-2441,136-2414,262-2288,401-2149,568-1982,775-1775,970-1580,1138-1412,1576-974,1734-816,1791-759,1828-722,1924-617,1709-841,1612-939,1451-979
Virginia Run,2019-521,1575-975,1965-585,1891-659,1968-582,1908-642,1841-709,2025-525,1849-701,2186-364,1955-595,1861-689,1786-764,1589-965,1191-1359,1129-1301
Wakefield Chapel,2122-418,2334-216,2197-353,2425-125,2394-156,2424-126,2395-155,2401-149,2263-287,2163-387,2221-329,2146-402,1981-567,2302-250,2295-255,2269-161
Walden Glen,867-1673,905-1645,782-1768,983-1567,1093-1457,1301-1249,1142-1408,1576-974,1712-838,1533-1017,1047-1502,1286-1263,1133-1415,668-1883,491-2059,355-2075
Waynewood,1491-1049,1879-671,1749-801,1569-981,1375-1175,1423-1127,1508-1042,1582-968,1503-1047,1599-951,1560-990,1303-1246,1760-786,1653-898,1718-833,1293-651
Woodley,334-2206,453-2097,362-2188,620-1930,629-1921,455-2095,455-2095,599-1951,565-1985,671-1879,649-1901,670-1880,672-1876,604-1946,601-1949,494-1450
