Year,Rank,Team,Average ELO,Average Ranking
2010,1,Chesterbrook,3188.76,1
2010,2,Overlee,3112.86,2
2010,3,Tuckahoe,2928.18,3
2010,4,Highlands Swim,2856.1,4.68
2010,5,McLean,2854.4,4.8
2010,6,Oakton,2836.45,5.54
2010,7,Lee Graham,2778.59,7.45
2010,8,Fairfax Station,2771.21,7.85
2010,9,Hamlet,2753.57,8.68
2010,10,Crosspointe,2537.03,10.04
2010,11,Little Rocky Run,2483.43,11.8
2010,12,Mount Vernon Park,2477.61,12.08
2010,13,Vienna Woods,2459.91,13.19
2010,14,Donaldson Run,2454.92,13.66
2010,15,Fairfax,2428.82,15.19
2010,16,Wakefield Chapel,2414.31,16.1
2010,17,Hunter Mill,2398.86,16.98
2010,18,Lakevale Estates,2396.52,17.14
2010,19,Mosby Woods,2350,19.2
2010,20,Dunn Loring,2326.11,20.26
2010,21,Virginia Run,2299.61,21.43
2010,22,Vienna Aquatic,2293.92,21.7
2010,23,Langley,2281.91,22.23
2010,24,Sleepy Hollow B & R,2188.6,25.04
2010,25,Hunt Valley,2187.46,25.23
2010,26,Greenbriar,2176.1,25.79
2010,27,Sully Station II,2166.7,26.42
2010,28,Cardinal Hill,2125.91,28.55
2010,29,Fox Mill Woods,2115.51,29.32
2010,30,Poplar Tree,2100.5,30.05
2010,31,Mansion House,2083.87,31.34
2010,32,South Run,2083.31,31.33
2010,33,Sully Station,2065.34,32.27
2010,34,Sideburn Run,2024.28,34.63
2010,35,Riverside Gardens,2017.85,34.83
2010,36,High Point Pool,2011.54,35.21
2010,37,Pinecrest,1950.47,37.41
2010,38,Mantua,1942.22,37.58
2010,39,Orange Hunt,1827.62,39.56
2010,40,Waynewood,1809.81,40.76
2010,41,Fox Hunt,1803.65,41.05
2010,42,Villa Aquatic,1792.36,41.85
2010,43,Great Falls,1769.16,43.38
2010,44,Poplar Heights,1761.18,43.94
2010,45,Forest Hollow,1755.87,44.22
2010,46,Dowden Terrace,1730.84,46.04
2010,47,Ravensworth Farm,1713.79,47.01
2010,48,Kent Gardens,1686.54,48.63
2010,49,Arlington Forest,1681.55,49.02
2010,50,Holmes Run Acres,1676.53,49.19
2010,51,Hollin Meadows,1651.95,50.88
2010,52,Canterbury Woods,1626.11,52.2
2010,53,Fairfax Club Estates,1614.28,52.85
2010,54,Highland Park,1595.05,53.56
2010,55,Shouse Village,1545.38,55.13
2010,56,Rolling Forest,1505.3,57.09
2010,57,Fair Oaks,1500.74,57.22
2010,58,Brookfield,1494.01,57.82
2010,59,Hayfield Farm,1480.87,58.77
2010,60,Fox Mill Estates,1459.8,60.21
2010,61,Brandywine,1456.88,60.46
2010,62,Long Branch,1438.29,61.75
2010,63,Dominion Hills,1412.25,63.42
2010,64,Parliament,1405.99,63.61
2010,65,Commonwealth,1387.03,64.38
2010,66,Country Club Hills,1292.43,66.1
2010,67,Walden Glen,1242.75,67.25
2010,68,Cottontail,1219.3,68.16
2010,69,Old Keene Mill,1207.67,68.54
2010,70,Truro,1159.54,69.99
2010,71,Camelot,1104.56,71.33
2010,72,Village West,1079.05,72.37
2010,73,Kings Ridge,1063.96,73.06
2010,74,Hiddenbrook,1053.91,73.67
2010,75,Rolling Hills,1016.77,75.8
2010,76,Sleepy Hollow Rec,1002.2,76.81
2010,77,Springboard,1000.72,76.99
2010,78,Little Hunting Park,995.38,77.53
2010,79,Rutherford,976.77,78.94
2010,80,Daventry,965.2,79.75
2010,81,Laurel Hill,962.19,79.96
2010,82,Burke Station,911.49,82.62
2010,83,Pleasant Valley,909.78,82.66
2010,84,Lake Braddock,891.5,83.74
2010,85,Newington Forest,863.97,84.88
2010,86,Stratford,824.18,86.07
2010,87,Ilda Community,798.56,86.78
2010,88,Parklawn,696.61,88.22
2010,89,Annandale,668.44,89.39
2010,90,Lincolnia Park,655.79,89.97
2010,91,Woodley,648.5,90.42
2010,92,Rolling Valley,583.86,92.11
2010,93,Hollin Hills,547.03,92.9
2010,94,Herndon,484.07,94.02
2010,95,North Springfield,437.06,95.51
2010,96,Lakeview,436.73,95.46
2010,97,Broyhill Crest,290.57,97.45
2010,98,Somerset-Olde Creek,289.2,97.55
2010,99,Virginia Hills,208.6,99
2010,100,Edsall Park,155.1,100
2010,101,Springfield,35.1,101.13
2010,102,Pinewood Lake,16.26,101.87
2011,1,Chesterbrook,3152.5,1.27
2011,2,Tuckahoe,3139.85,1.85
2011,3,Overlee,3116.38,2.88
2011,4,Highlands Swim,2933.67,4.01
2011,5,McLean,2862.82,5.08
2011,6,Vienna Woods,2829.59,5.91
2011,7,Vienna Aquatic,2742.32,7.19
2011,8,Wakefield Chapel,2718.14,7.88
2011,9,Lee Graham,2664.41,9.37
2011,10,Hamlet,2642.03,10.12
2011,11,Donaldson Run,2637,10.44
2011,12,Oakton,2524.19,12.3
2011,13,Fairfax,2500.62,13.45
2011,14,Hunt Valley,2477.9,14.88
2011,15,Pinecrest,2477.23,14.84
2011,16,Dunn Loring,2457.76,16.27
2011,17,Fairfax Station,2456.27,16.37
2011,18,Lakevale Estates,2438.16,17.55
2011,19,Crosspointe,2414.71,18.94
2011,20,Little Rocky Run,2399.09,19.74
2011,21,Mosby Woods,2367.08,21.18
2011,22,Mount Vernon Park,2349.12,22.12
2011,23,Langley,2337.38,22.8
2011,24,Sully Station II,2308.95,24.1
2011,25,Sully Station,2296.25,24.74
2011,26,Fox Mill Woods,2260.5,26.21
2011,27,Riverside Gardens,2247.19,26.84
2011,28,Mantua,2220.06,28.01
2011,29,Cardinal Hill,2194.26,29.22
2011,30,Waynewood,2183.1,29.58
2011,31,Hunter Mill,2147.19,30.86
2011,32,High Point Pool,2048.88,32.32
2011,33,Poplar Tree,2038.13,32.68
2011,34,Sleepy Hollow B & R,1960.14,34.18
2011,35,Poplar Heights,1924.57,35.65
2011,36,Mansion House,1917.05,36.01
2011,37,Ravensworth Farm,1897.12,37.15
2011,38,Virginia Run,1884.96,37.84
2011,39,Orange Hunt,1879.61,38.33
2011,40,Forest Hollow,1842.38,39.88
2011,41,Highland Park,1776.15,41.98
2011,42,Greenbriar,1775.92,42.05
2011,43,Fair Oaks,1762.67,42.75
2011,44,Holmes Run Acres,1734.02,44.61
2011,45,Sideburn Run,1714.73,46.27
2011,46,Hollin Meadows,1708.74,46.99
2011,47,Arlington Forest,1705.85,47.28
2011,48,Dominion Hills,1705.74,47.26
2011,49,Dowden Terrace,1690.65,48.93
2011,50,Brandywine,1678.21,50.1
2011,51,Hayfield Farm,1672.26,50.69
2011,52,Fox Hunt,1668.15,51.25
2011,53,Shouse Village,1660.69,52.04
2011,54,Kent Gardens,1646.18,53.08
2011,55,Villa Aquatic,1616.08,54.72
2011,56,Great Falls,1563.42,56.4
2011,57,Brookfield,1534.08,57.63
2011,58,Rolling Forest,1529.38,57.92
2011,59,Parliament,1526.9,58.04
2011,60,South Run,1461.02,59.97
2011,61,Cottontail,1402.22,61.03
2011,62,Country Club Hills,1356.51,62.16
2011,63,Camelot,1324.82,63.04
2011,64,Fox Mill Estates,1294.1,63.89
2011,65,Walden Glen,1246.84,65.72
2011,66,Canterbury Woods,1244.09,65.94
2011,67,Rolling Hills,1237.38,66.34
2011,68,Long Branch,1186.21,68.26
2011,69,Hiddenbrook,1160.43,69.34
2011,70,Fairfax Club Estates,1151.05,69.72
2011,71,Commonwealth,1129.47,70.67
2011,72,Stratford,1090.85,72.03
2011,73,Old Keene Mill,1049.37,73.66
2011,74,Little Hunting Park,1039.36,74.09
2011,75,Truro,1037.13,74.25
2011,76,Village West,989.65,76.55
2011,77,Rutherford,975.21,76.94
2011,78,Sleepy Hollow Rec,967.72,77.39
2011,79,Parklawn,910.84,79.32
2011,80,Kings Ridge,884.19,80.71
2011,81,Ilda Community,871.55,81.44
2011,82,Laurel Hill,862.42,82.1
2011,83,Springboard,856.81,82.53
2011,84,Newington Forest,842.84,83.49
2011,85,Burke Station,816.11,85.04
2011,86,Annandale,808.52,85.43
2011,87,Woodley,758.75,87.17
2011,88,Lakeview,740.64,87.75
2011,89,Lake Braddock,658.56,89.44
2011,90,Rolling Valley,655.91,89.56
2011,91,Daventry,569.8,91
2011,92,Lincolnia Park,490.2,92.29
2011,93,Pleasant Valley,476.94,92.78
2011,94,Hollin Hills,439.34,93.97
2011,95,Herndon,397.86,95.21
2011,96,North Springfield,377.43,95.79
2011,97,Somerset-Olde Creek,336.41,96.96
2011,98,Virginia Hills,253.92,98
2011,99,Broyhill Crest,198.55,99
2011,100,Edsall Park,124.62,100
2011,101,Springfield,12.88,101
2011,102,Pinewood Lake,-46.94,102
2012,1,Chesterbrook,3222.11,1
2012,2,Overlee,3153.3,2
2012,3,McLean,3092.23,3
2012,4,Tuckahoe,3036.59,4
2012,5,Highlands Swim,2963.7,5
2012,6,Hunt Valley,2761.42,6.37
2012,7,Vienna Aquatic,2748.24,6.91
2012,8,Oakton,2715.16,8.62
2012,9,Fairfax Station,2711.47,8.78
2012,10,Lakevale Estates,2689.94,10.14
2012,11,Donaldson Run,2675.2,11.05
2012,12,Little Rocky Run,2656.62,12.31
2012,13,Mount Vernon Park,2649.2,12.9
2012,14,Hamlet,2649.18,12.92
2012,15,Wakefield Chapel,2543.14,15.05
2012,16,Dunn Loring,2485.69,16.37
2012,17,Lee Graham,2473.45,16.7
2012,18,Fairfax,2441.24,17.88
2012,19,Vienna Woods,2356.03,19.02
2012,20,Crosspointe,2294.74,20.52
2012,21,Langley,2267.67,21.83
2012,22,Virginia Run,2265.92,21.94
2012,23,Riverside Gardens,2244.63,23.37
2012,24,Hunter Mill,2234.17,24.05
2012,25,Sully Station II,2231.96,24.17
2012,26,Poplar Heights,2205.11,26.22
2012,27,Pinecrest,2203.03,26.28
2012,28,Mantua,2171.99,27.82
2012,29,Cardinal Hill,2143.46,28.8
2012,30,Sully Station,2090.2,30.38
2012,31,Fox Mill Woods,2073.86,31.04
2012,32,Waynewood,2055.86,31.69
2012,33,Poplar Tree,2000,34
2012,34,Sleepy Hollow B & R,1987.8,34.9
2012,35,Ravensworth Farm,1987.79,34.93
2012,36,Mosby Woods,1978.39,35.5
2012,37,Great Falls,1963.08,36.8
2012,38,Forest Hollow,1958.01,36.98
2012,39,Greenbriar,1910.49,39.36
2012,40,Holmes Run Acres,1895.75,40.05
2012,41,Sideburn Run,1871.86,41.62
2012,42,Mansion House,1855.38,42.58
2012,43,Fair Oaks,1852.53,42.77
2012,44,Dowden Terrace,1838.97,43.71
2012,45,Villa Aquatic,1833.7,43.69
2012,46,Brandywine,1764.79,46.09
2012,47,Hollin Meadows,1729.61,47
2012,48,Highland Park,1691.48,48.09
2012,49,Shouse Village,1668.14,48.88
2012,50,Dominion Hills,1635.39,49.96
2012,51,High Point Pool,1589.06,52.11
2012,52,Rolling Forest,1580.42,52.66
2012,53,Orange Hunt,1572.82,53.26
2012,54,Arlington Forest,1568.65,53.67
2012,55,Cottontail,1552.72,54.91
2012,56,Kent Gardens,1550.02,55.14
2012,57,Stratford,1526.66,56.26
2012,58,Country Club Hills,1476.24,58.24
2012,59,Canterbury Woods,1455.46,59.09
2012,60,Fox Hunt,1418.21,60.57
2012,61,Fox Mill Estates,1410.47,60.97
2012,62,Hayfield Farm,1409.35,61.08
2012,63,Old Keene Mill,1327.93,63.41
2012,64,South Run,1318.49,63.7
2012,65,Brookfield,1270.15,65.44
2012,66,Parliament,1254.9,66.09
2012,67,Laurel Hill,1250.26,66.36
2012,68,Lakeview,1129.24,69.15
2012,69,Kings Ridge,1122.74,69.6
2012,70,Hiddenbrook,1113.89,70.18
2012,71,Walden Glen,1113.72,70.19
2012,72,Truro,1091.19,72.06
2012,73,Rutherford,1082.22,72.79
2012,74,Camelot,1057.41,74.69
2012,75,Fairfax Club Estates,1056.15,74.81
2012,76,Sleepy Hollow Rec,1056.01,74.67
2012,77,Village West,1001.9,77.36
2012,78,Long Branch,995.91,77.59
2012,79,Annandale,954.03,78.93
2012,80,Springboard,887.11,80.46
2012,81,Little Hunting Park,885.12,80.53
2012,82,Rolling Valley,813.96,82.25
2012,83,Commonwealth,794.4,82.83
2012,84,Burke Station,744,84.65
2012,85,Rolling Hills,736.99,85.06
2012,86,Lincolnia Park,731.14,85.2
2012,87,Lake Braddock,649.49,87.38
2012,88,Woodley,628.54,88.18
2012,89,Parklawn,621.17,88.48
2012,90,Hollin Hills,560.29,90.79
2012,91,Somerset-Olde Creek,547.19,91.42
2012,92,Ilda Community,546.18,91.51
2012,93,Newington Forest,526.33,92.43
2012,94,Virginia Hills,482.94,94.38
2012,95,Daventry,475.8,94.64
2012,96,Pleasant Valley,444.29,95.79
2012,97,Herndon,334.83,97
2012,98,North Springfield,261.95,98
2012,99,Broyhill Crest,179.42,99
2012,100,Edsall Park,83.09,100
2012,101,Pinewood Lake,31.87,101.03
2012,102,Springfield,-1.63,101.97
2013,1,Chesterbrook,3160.98,1
2013,2,Tuckahoe,3092.02,2.2
2013,3,Overlee,3073.08,2.81
2013,4,McLean,3015.62,3.99
2013,5,Wakefield Chapel,2863.7,5
2013,6,Highlands Swim,2795.83,6.01
2013,7,Vienna Aquatic,2732.42,6.99
2013,8,Hunter Mill,2652.03,8.15
2013,9,Vienna Woods,2615.76,9.32
2013,10,Mount Vernon Park,2608.15,9.54
2013,11,Langley,2536.23,12.06
2013,12,Hunt Valley,2534.53,12.14
2013,13,Hamlet,2513.45,13.57
2013,14,Fairfax Station,2511.58,13.48
2013,15,Little Rocky Run,2495.64,14.84
2013,16,Lee Graham,2481.04,15.92
2013,17,Cardinal Hill,2463.55,17.14
2013,18,Lakevale Estates,2461.97,17.17
2013,19,Donaldson Run,2428.68,18.7
2013,20,Fairfax,2358.07,20.67
2013,21,Pinecrest,2356.96,20.66
2013,22,Ravensworth Farm,2326.31,21.64
2013,23,Dunn Loring,2218.04,23.28
2013,24,Oakton,2171.38,25.16
2013,25,Mantua,2169.92,25.3
2013,26,Virginia Run,2169.76,25.12
2013,27,Sully Station II,2144.31,26.73
2013,28,Crosspointe,2120.16,28.39
2013,29,Poplar Tree,2107.61,29.19
2013,30,Sully Station,2098.56,29.63
2013,31,Riverside Gardens,2089.71,30.2
2013,32,Fair Oaks,2005.18,32.83
2013,33,Cottontail,2000.68,32.93
2013,34,Dowden Terrace,1989.06,33.49
2013,35,Poplar Heights,1953.9,35.08
2013,36,Greenbriar,1920.92,36.68
2013,37,Mosby Woods,1908.88,37.44
2013,38,Hollin Meadows,1901.87,37.85
2013,39,Holmes Run Acres,1897.22,38.12
2013,40,Waynewood,1862.86,39.97
2013,41,Kent Gardens,1823.49,41.79
2013,42,Sleepy Hollow B & R,1821.03,41.85
2013,43,Mansion House,1814.07,42.02
2013,44,High Point Pool,1739.92,45.49
2013,45,Arlington Forest,1735.95,45.77
2013,46,Villa Aquatic,1735.83,45.59
2013,47,Shouse Village,1713.99,47.32
2013,48,Dominion Hills,1706.36,48.08
2013,49,Forest Hollow,1703.03,48.44
2013,50,Fox Mill Estates,1681.98,50.33
2013,51,Highland Park,1673.2,51.16
2013,52,Sideburn Run,1665.1,51.85
2013,53,Brandywine,1656.97,52.5
2013,54,Fox Mill Woods,1656.11,52.5
2013,55,Great Falls,1599.58,55.08
2013,56,Rolling Forest,1562.6,55.84
2013,57,Orange Hunt,1426.21,57.67
2013,58,Rutherford,1397.84,59.13
2013,59,Hayfield Farm,1393.92,59.41
2013,60,Hiddenbrook,1390.61,59.61
2013,61,Stratford,1373.88,61.05
2013,62,Country Club Hills,1365.48,61.64
2013,63,Canterbury Woods,1357.56,62.33
2013,64,Walden Glen,1337.4,63.68
2013,65,South Run,1316.06,64.53
2013,66,Fox Hunt,1258.5,66.49
2013,67,Laurel Hill,1242.66,67.33
2013,68,Brookfield,1227.15,68.25
2013,69,Lakeview,1209.79,69.43
2013,70,Truro,1201.72,70.23
2013,71,Camelot,1193.06,70.75
2013,72,Old Keene Mill,1174.2,72.07
2013,73,Long Branch,1169.13,72.47
2013,74,Kings Ridge,1161.83,72.95
2013,75,Annandale,1097.19,75.13
2013,76,Little Hunting Park,1056.92,76.23
2013,77,Parliament,1042.76,76.7
2013,78,Sleepy Hollow Rec,990.24,78.3
2013,79,Woodley,975.79,78.86
2013,80,Springboard,947.45,80.08
2013,81,Fairfax Club Estates,928.02,80.83
2013,82,Somerset-Olde Creek,890.93,81.94
2013,83,Lake Braddock,836.59,83.81
2013,84,Rolling Valley,831.9,84.06
2013,85,Ilda Community,824.67,84.53
2013,86,Commonwealth,804.22,85.51
2013,87,Virginia Hills,714.41,87.03
2013,88,Village West,659.14,88.52
2013,89,Hollin Hills,644.99,89.17
2013,90,Rolling Hills,637.57,89.52
2013,91,Newington Forest,602.56,90.95
2013,92,Parklawn,572.55,91.81
2013,93,Pleasant Valley,492.33,93.15
2013,94,Daventry,468.91,93.91
2013,95,Lincolnia Park,415.85,95.88
2013,96,Burke Station,414.83,95.94
2013,97,Herndon,409.65,96.12
2013,98,North Springfield,321.33,98
2013,99,Broyhill Crest,190.34,99
2013,100,Pinewood Lake,100.58,100
2013,101,Edsall Park,35.39,101.01
2013,102,Springfield,-0.74,101.99
2014,1,Chesterbrook,3149.83,1.07
2014,2,Overlee,3122.86,1.93
2014,3,Tuckahoe,3030.05,3
2014,4,McLean,2950.16,4.21
2014,5,Highlands Swim,2936.43,4.79
2014,6,Wakefield Chapel,2786.52,6
2014,7,Hamlet,2685.43,7.16
2014,8,Hunt Valley,2654.36,8.3
2014,9,Donaldson Run,2648.91,8.57
2014,10,Lakevale Estates,2596.27,10.19
2014,11,Vienna Aquatic,2573.96,10.8
2014,12,Vienna Woods,2499.77,13.39
2014,13,Little Rocky Run,2494.74,13.67
2014,14,Hunter Mill,2492.02,13.85
2014,15,Mount Vernon Park,2486.6,14.36
2014,16,Fairfax,2480.15,14.71
2014,17,Lee Graham,2353.47,17.12
2014,18,Langley,2324.38,18.06
2014,19,Ravensworth Farm,2292.73,19.11
2014,20,Dunn Loring,2268.98,19.86
2014,21,Virginia Run,2222.14,22.05
2014,22,Crosspointe,2216.3,22.26
2014,23,Oakton,2198.47,23.57
2014,24,Fairfax Station,2193.66,23.72
2014,25,Pinecrest,2192.36,23.85
2014,26,Cardinal Hill,2148.82,26.33
2014,27,Poplar Tree,2140.24,26.66
2014,28,Riverside Gardens,2124.87,27.47
2014,29,Mosby Woods,2059.66,29.71
2014,30,Sleepy Hollow B & R,2052.28,30.08
2014,31,Sully Station,2039.79,30.72
2014,32,Cottontail,2021.6,31.5
2014,33,Sideburn Run,1959.66,34.68
2014,34,Greenbriar,1957.62,34.81
2014,35,Mantua,1955.82,34.9
2014,36,Dowden Terrace,1945.4,35.57
2014,37,Fair Oaks,1942.9,35.83
2014,38,Villa Aquatic,1919.82,37.18
2014,39,Fox Mill Estates,1850.36,40.67
2014,40,Hollin Meadows,1840.24,41.57
2014,41,Holmes Run Acres,1839.85,41.58
2014,42,Dominion Hills,1838.94,41.63
2014,43,Mansion House,1838.68,41.59
2014,44,Kent Gardens,1818.47,43.17
2014,45,Arlington Forest,1806.53,44.16
2014,46,High Point Pool,1768.4,46.23
2014,47,Forest Hollow,1748.08,47.27
2014,48,Highland Park,1745.91,47.3
2014,49,Waynewood,1701.34,49.17
2014,50,Poplar Heights,1679.35,49.94
2014,51,Fox Mill Woods,1655.16,50.82
2014,52,Sully Station II,1611.74,52.41
2014,53,Brandywine,1606.19,52.59
2014,54,Rolling Forest,1568.73,54.02
2014,55,Orange Hunt,1535.52,55.05
2014,56,Country Club Hills,1511.76,56.1
2014,57,Lakeview,1481.17,57.41
2014,58,Camelot,1463.96,58.28
2014,59,Walden Glen,1449.23,59.05
2014,60,South Run,1441.52,59.74
2014,61,Hiddenbrook,1405.94,62.34
2014,62,Brookfield,1402.92,62.4
2014,63,Laurel Hill,1402.54,62.57
2014,64,Rutherford,1401.11,62.52
2014,65,Great Falls,1355.04,65.24
2014,66,Canterbury Woods,1353.65,65.33
2014,67,Stratford,1310.88,66.93
2014,68,Shouse Village,1272.66,68.14
2014,69,Fox Hunt,1239.84,69.31
2014,70,Sleepy Hollow Rec,1231.81,69.52
2014,71,Kings Ridge,1167.65,71.47
2014,72,Hayfield Farm,1164.84,71.62
2014,73,Fairfax Club Estates,1119.62,73.07
2014,74,Truro,1094.19,73.92
2014,75,Long Branch,1061.25,74.92
2014,76,Somerset-Olde Creek,1008.76,76.25
2014,77,Woodley,988.87,76.79
2014,78,Lake Braddock,949.8,78.28
2014,79,Rolling Valley,922.99,79.74
2014,80,Virginia Hills,920.8,79.78
2014,81,Hollin Hills,912.7,80.16
2014,82,Springboard,860.1,82.13
2014,83,Little Hunting Park,826.87,83.12
2014,84,Annandale,807.15,83.99
2014,85,Commonwealth,783.88,84.93
2014,86,Parliament,742.93,86.7
2014,87,Daventry,734.79,87.26
2014,88,Village West,725.68,87.7
2014,89,Old Keene Mill,714.28,88.29
2014,90,Herndon,673.99,90.28
2014,91,Parklawn,652.31,91.27
2014,92,Rolling Hills,645.09,91.54
2014,93,Lincolnia Park,614.3,92.88
2014,94,Ilda Community,576.95,94.24
2014,95,Newington Forest,568.75,94.58
2014,96,Burke Station,444.83,96
2014,97,North Springfield,363.07,97.45
2014,98,Pleasant Valley,361.46,97.55
2014,99,Broyhill Crest,239.23,99
2014,100,Edsall Park,128.96,100.22
2014,101,Springfield,113.41,100.78
2014,102,Pinewood Lake,13.97,102
2015,1,Overlee,3046.87,1.08
2015,2,Chesterbrook,3016.06,1.93
2015,3,Tuckahoe,2955.95,2.99
2015,4,McLean,2893.81,4
2015,5,Highlands Swim,2805.92,5
2015,6,Wakefield Chapel,2754.58,6
2015,7,Hunter Mill,2626.1,7
2015,8,Donaldson Run,2473.61,8.24
2015,9,Hunt Valley,2436.07,9.61
2015,10,Langley,2435.98,9.77
2015,11,Lee Graham,2403.86,11.73
2015,12,Mount Vernon Park,2402.93,11.82
2015,13,Hamlet,2384.19,12.94
2015,14,Fairfax,2379.16,13.18
2015,15,Vienna Aquatic,2342.1,15.08
2015,16,Little Rocky Run,2318.61,16.22
2015,17,Vienna Woods,2312.3,16.51
2015,18,Ravensworth Farm,2244.22,18.19
2015,19,Pinecrest,2215.5,19.13
2015,20,Crosspointe,2192.57,19.8
2015,21,Fair Oaks,2149.75,21.24
2015,22,Virginia Run,2112.46,23.35
2015,23,Kent Gardens,2105.72,23.92
2015,24,Cottontail,2094.46,24.88
2015,25,Dunn Loring,2092.62,25.28
2015,26,Lakevale Estates,2087.18,25.65
2015,27,Sleepy Hollow B & R,2084.69,25.86
2015,28,Dowden Terrace,2055.44,28.66
2015,29,High Point Pool,2054.67,28.71
2015,30,Cardinal Hill,2041.89,29.97
2015,31,Mantua,2038.86,29.98
2015,32,Oakton,2027.27,31.05
2015,33,Dominion Hills,2003.58,32.33
2015,34,Poplar Tree,1929.13,34.7
2015,35,Arlington Forest,1917.49,35.24
2015,36,Greenbriar,1901.77,36
2015,37,Mosby Woods,1893.72,36.43
2015,38,Villa Aquatic,1860.62,38.16
2015,39,Riverside Gardens,1830.25,39.94
2015,40,Mansion House,1819.78,40.68
2015,41,Fairfax Station,1810.05,41.49
2015,42,Sully Station,1806.86,41.63
2015,43,Hollin Meadows,1796.13,42.56
2015,44,Sideburn Run,1775.73,44.25
2015,45,Fox Mill Estates,1774.28,44.26
2015,46,Orange Hunt,1755.01,45.97
2015,47,Waynewood,1738.92,47.07
2015,48,Highland Park,1728.05,47.71
2015,49,Fox Mill Woods,1706.28,48.96
2015,50,Great Falls,1703.29,49.01
2015,51,Walden Glen,1646.17,51.8
2015,52,Lakeview,1634.32,52.56
2015,53,Holmes Run Acres,1623,53.39
2015,54,Hiddenbrook,1620.82,53.4
2015,55,Sully Station II,1597.64,55.32
2015,56,Sleepy Hollow Rec,1583.89,56.3
2015,57,Forest Hollow,1575.22,56.96
2015,58,Camelot,1562.39,57.83
2015,59,Rutherford,1559.41,58.24
2015,60,Laurel Hill,1528.91,60.12
2015,61,Country Club Hills,1515.72,60.65
2015,62,Poplar Heights,1500.22,61.28
2015,63,Shouse Village,1422.63,63.25
2015,64,South Run,1396.35,64.02
2015,65,Springboard,1368.78,65
2015,66,Rolling Forest,1339.38,65.84
2015,67,Brookfield,1291.52,67.68
2015,68,Somerset-Olde Creek,1282.67,68.07
2015,69,Canterbury Woods,1277.97,68.26
2015,70,Truro,1222.21,70.27
2015,71,Virginia Hills,1192.24,71.55
2015,72,Fairfax Club Estates,1186.29,71.76
2015,73,Stratford,1171.4,72.34
2015,74,Little Hunting Park,1103.08,74.83
2015,75,Long Branch,1101.26,74.89
2015,76,Hayfield Farm,1073.13,76.26
2015,77,Brandywine,1061.05,77.11
2015,78,Kings Ridge,1044.42,78.23
2015,79,Old Keene Mill,1036.24,78.78
2015,80,Lake Braddock,1018.6,80.13
2015,81,Fox Hunt,1008.38,80.83
2015,82,Hollin Hills,997.23,81.2
2015,83,Ilda Community,952.92,83.8
2015,84,Annandale,946.11,84.17
2015,85,Parklawn,936.48,84.76
2015,86,Rolling Valley,928.86,85.14
2015,87,Village West,877.94,87.59
2015,88,Woodley,871.27,87.86
2015,89,Herndon,854.7,88.8
2015,90,Rolling Hills,836.22,89.57
2015,91,Daventry,726.51,91.04
2015,92,Parliament,671.34,92.03
2015,93,Commonwealth,625.45,93
2015,94,Burke Station,581.93,94.06
2015,95,Newington Forest,552.62,94.87
2015,96,Lincolnia Park,484.67,96
2015,97,North Springfield,393.06,97.36
2015,98,Pleasant Valley,386.39,97.64
2015,99,Broyhill Crest,268.93,99
2015,100,Edsall Park,197.34,100.44
2015,101,Springfield,192.08,100.56
2015,102,Pinewood Lake,36.2,102
2016,1,Chesterbrook,3174.34,1
2016,2,Overlee,3065.38,2.01
2016,3,Tuckahoe,3021.26,2.99
2016,4,McLean,2962.45,4
2016,5,Wakefield Chapel,2774.1,5.01
2016,6,Hunt Valley,2696.95,7
2016,7,Highlands Swim,2696.85,7.02
2016,8,Hamlet,2696.75,6.97
2016,9,Fairfax,2596.21,9.42
2016,10,Little Rocky Run,2585.24,9.91
2016,11,Langley,2561.82,10.69
2016,12,Dowden Terrace,2498.82,12.87
2016,13,Hunter Mill,2498.65,12.81
2016,14,Mount Vernon Park,2469.82,14.35
2016,15,Lakevale Estates,2460,14.91
2016,16,Ravensworth Farm,2447.22,15.66
2016,17,Vienna Aquatic,2419.03,17.01
2016,18,Vienna Woods,2398.56,18.04
2016,19,Donaldson Run,2388.32,18.33
2016,20,Fair Oaks,2288.97,20.28
2016,21,Oakton,2253.17,21.58
2016,22,Lee Graham,2244.59,21.89
2016,23,High Point Pool,2230.07,22.78
2016,24,Poplar Tree,2190.86,24.8
2016,25,Dunn Loring,2188.67,25.04
2016,26,Greenbriar,2180.34,25.31
2016,27,Cardinal Hill,2143.98,27.6
2016,28,Crosspointe,2142.29,27.59
2016,29,Virginia Run,2124.61,28.39
2016,30,Sully Station,2093.27,29.86
2016,31,Mosby Woods,2047.59,31.51
2016,32,Mantua,2036.98,31.96
2016,33,Pinecrest,2009.51,33.26
2016,34,Dominion Hills,1996.45,34.04
2016,35,Cottontail,1977.23,35.18
2016,36,Sleepy Hollow B & R,1966.63,35.7
2016,37,Fairfax Station,1946.23,36.85
2016,38,Arlington Forest,1920.3,38.17
2016,39,Hiddenbrook,1907.94,38.8
2016,40,Orange Hunt,1880.47,40.63
2016,41,Country Club Hills,1858.36,42.09
2016,42,Lakeview,1857.48,42.37
2016,43,Riverside Gardens,1857.4,42.18
2016,44,Fox Mill Woods,1833.82,44.05
2016,45,Waynewood,1830.47,44.42
2016,46,Sideburn Run,1824.24,44.75
2016,47,Kent Gardens,1762.05,47.02
2016,48,Villa Aquatic,1717.02,48.22
2016,49,Fox Mill Estates,1685.68,49.59
2016,50,Sleepy Hollow Rec,1664.04,50.6
2016,51,Camelot,1663.78,50.6
2016,52,Hollin Meadows,1653.89,51.24
2016,53,Forest Hollow,1617.91,53.04
2016,54,Mansion House,1598.78,53.91
2016,55,Highland Park,1574.11,54.7
2016,56,Rutherford,1511.67,56.47
2016,57,Walden Glen,1505.01,56.71
2016,58,Rolling Forest,1462.14,58.28
2016,59,Great Falls,1437.76,59.34
2016,60,Sully Station II,1430.76,59.64
2016,61,South Run,1393.89,61.56
2016,62,Poplar Heights,1393.24,61.51
2016,63,Canterbury Woods,1347.75,64.27
2016,64,Virginia Hills,1345.17,64.36
2016,65,Kings Ridge,1338.03,64.89
2016,66,Annandale,1332.75,65.35
2016,67,Somerset-Olde Creek,1326.52,65.68
2016,68,Brandywine,1265.17,68.34
2016,69,Brookfield,1251.1,68.92
2016,70,Stratford,1223.75,69.96
2016,71,Laurel Hill,1185.7,71.67
2016,72,Fairfax Club Estates,1178.01,71.94
2016,73,Old Keene Mill,1161.01,72.9
2016,74,Springboard,1146.78,73.69
2016,75,Shouse Village,1124.62,74.77
2016,76,Hayfield Farm,1093.91,75.77
2016,77,Lake Braddock,1042.34,77.26
2016,78,Little Hunting Park,1009.59,78.74
2016,79,Fox Hunt,1006.05,78.92
2016,80,Truro,1001.39,79.14
2016,81,Holmes Run Acres,958.89,80.92
2016,82,Hollin Hills,810.37,82.66
2016,83,Rolling Hills,807.31,82.85
2016,84,Woodley,781.93,84.49
2016,85,Ilda Community,775.24,84.82
2016,86,Burke Station,768.05,85.19
2016,87,Herndon,689.47,87.22
2016,88,Parliament,664.33,88.54
2016,89,Rolling Valley,647.08,89.47
2016,90,Long Branch,643.48,89.76
2016,91,Daventry,628.32,90.66
2016,92,Lincolnia Park,612.72,91.34
2016,93,Parklawn,548.97,93
2016,94,Commonwealth,480.75,94.05
2016,95,Village West,444.9,94.95
2016,96,Pleasant Valley,381.44,96
2016,97,Newington Forest,293.79,97
2016,98,Broyhill Crest,213.61,98.52
2016,99,North Springfield,213.39,98.49
2016,100,Springfield,153.56,99.99
2016,101,Edsall Park,29.02,101
2016,102,Pinewood Lake,-41.27,102
2017,1,Chesterbrook,3183.74,1.01
2017,2,Tuckahoe,3140.34,2.29
2017,3,Overlee,3126.84,2.7
2017,4,Highlands Swim,2986.72,4.31
2017,5,McLean,2976.01,4.69
2017,6,Wakefield Chapel,2841.63,6.06
2017,7,Langley,2801.16,7.04
2017,8,Fairfax,2768.59,7.9
2017,9,Little Rocky Run,2685.98,9.31
2017,10,Vienna Aquatic,2670.36,9.93
2017,11,Donaldson Run,2647.54,10.77
2017,12,Mount Vernon Park,2587.79,12.22
2017,13,Hamlet,2563.97,13.15
2017,14,Dowden Terrace,2551.64,13.65
2017,15,High Point Pool,2480.47,14.97
2017,16,Lee Graham,2378.96,16.55
2017,17,Crosspointe,2364.71,17.26
2017,18,Oakton,2349.77,18.14
2017,19,Vienna Woods,2332.79,19.22
2017,20,Hunt Valley,2329.83,19.23
2017,21,Virginia Run,2301.08,20.67
2017,22,Orange Hunt,2259.59,22.32
2017,23,Mantua,2243.03,22.68
2017,24,Pinecrest,2184.01,24.27
2017,25,Cardinal Hill,2169.66,24.74
2017,26,Villa Aquatic,2102.44,27.32
2017,27,Hiddenbrook,2098.03,27.74
2017,28,Greenbriar,2092.43,28.1
2017,29,Ravensworth Farm,2084.99,28.78
2017,30,Hunter Mill,2080.94,29.13
2017,31,Country Club Hills,2060.29,30.78
2017,32,Poplar Tree,2050.21,31.34
2017,33,Kent Gardens,2008.32,33.34
2017,34,Fair Oaks,1983.91,34.45
2017,35,Arlington Forest,1979.96,34.54
2017,36,Dunn Loring,1960.32,35.45
2017,37,Dominion Hills,1897.93,37.8
2017,38,Sleepy Hollow B & R,1872.57,39.32
2017,39,Fox Mill Woods,1872.14,39.49
2017,40,Waynewood,1867.37,39.75
2017,41,Walden Glen,1854.91,40.83
2017,42,Lakeview,1854.67,40.75
2017,43,Sully Station,1838.04,42.02
2017,44,Hollin Meadows,1746.72,44.28
2017,45,Sleepy Hollow Rec,1715.84,45.26
2017,46,Lakevale Estates,1690.61,46.38
2017,47,Mosby Woods,1687.27,46.62
2017,48,Fairfax Station,1657.12,48.15
2017,49,Camelot,1647.14,48.44
2017,50,Mansion House,1598.78,50.49
2017,51,Rutherford,1597.02,50.57
2017,52,Fox Mill Estates,1551.66,52.02
2017,53,Riverside Gardens,1518.24,53.63
2017,54,Great Falls,1499.29,54.72
2017,55,Annandale,1489.63,55.25
2017,56,Shouse Village,1475.91,56.35
2017,57,Virginia Hills,1475.65,56.45
2017,58,Poplar Heights,1459.26,57.84
2017,59,Old Keene Mill,1444.77,59.02
2017,60,Cottontail,1433.9,59.92
2017,61,Somerset-Olde Creek,1419.18,60.66
2017,62,Sideburn Run,1399.86,61.64
2017,63,Springboard,1383.48,62.69
2017,64,Canterbury Woods,1348.77,64.18
2017,65,Brandywine,1337.57,64.65
2017,66,Highland Park,1300.64,65.9
2017,67,South Run,1255.85,67.24
2017,68,Fairfax Club Estates,1227.11,68.6
2017,69,Kings Ridge,1205.34,70.35
2017,70,Truro,1202.51,70.27
2017,71,Stratford,1198.2,70.6
2017,72,Little Hunting Park,1192.46,71.17
2017,73,Laurel Hill,1180.72,71.98
2017,74,Forest Hollow,1136.77,74.39
2017,75,Sully Station II,1130.4,74.62
2017,76,Rolling Forest,1094.48,76.45
2017,77,Rolling Hills,1085.94,76.68
2017,78,Brookfield,1064.8,77.9
2017,79,Holmes Run Acres,1039.99,79.05
2017,80,Hayfield Farm,1026.24,79.64
2017,81,Woodley,974.78,80.95
2017,82,Burke Station,908.53,82.21
2017,83,Ilda Community,885.42,82.8
2017,84,Rolling Valley,822.8,84.55
2017,85,Fox Hunt,821.33,84.57
2017,86,Hollin Hills,780.24,85.87
2017,87,Lake Braddock,721.67,87.21
2017,88,Long Branch,695.82,87.93
2017,89,Herndon,663.65,89.24
2017,90,Daventry,655.24,89.62
2017,91,Lincolnia Park,588.44,91.16
2017,92,Parklawn,566.71,91.84
2017,93,Commonwealth,515.02,93.08
2017,94,Parliament,476.75,94.21
2017,95,Village West,462.69,94.7
2017,96,Pleasant Valley,330.01,96.25
2017,97,Broyhill Crest,302.29,97.16
2017,98,Newington Forest,293.69,97.59
2017,99,North Springfield,208.43,99
2017,100,Springfield,100.95,100
2017,101,Edsall Park,18.91,101.18
2017,102,Pinewood Lake,1.88,101.82
2018,1,Chesterbrook,3181.79,1
2018,2,Overlee,3089.12,2.03
2018,3,Tuckahoe,3049.04,2.97
2018,4,McLean,2858.47,4
2018,5,Fairfax,2784.89,5.09
2018,6,Highlands Swim,2750.88,5.91
2018,7,Little Rocky Run,2668.84,7.11
2018,8,Dowden Terrace,2623.1,9.05
2018,9,Hamlet,2611.43,9.59
2018,10,Hunt Valley,2610.49,9.68
2018,11,Wakefield Chapel,2596,10.54
2018,12,High Point Pool,2578.35,11.76
2018,13,Vienna Woods,2565.69,12.49
2018,14,Hunter Mill,2527.48,14.27
2018,15,Crosspointe,2507.28,15.01
2018,16,Mount Vernon Park,2485.02,16.16
2018,17,Langley,2483.97,16.34
2018,18,Vienna Aquatic,2387.37,19.15
2018,19,Cardinal Hill,2376.84,19.61
2018,20,Fair Oaks,2373.46,19.76
2018,21,Oakton,2363.65,20.51
2018,22,Kent Gardens,2350.89,21.27
2018,23,Donaldson Run,2314.69,22.7
2018,24,Orange Hunt,2203.53,24.52
2018,25,Hiddenbrook,2202.23,24.52
2018,26,Sideburn Run,2144.52,26.67
2018,27,Mantua,2131.76,27.28
2018,28,Virginia Run,2123.81,27.68
2018,29,Villa Aquatic,2105.95,28.46
2018,30,Lee Graham,2067.25,30.24
2018,31,Country Club Hills,2040.09,31.41
2018,32,Ravensworth Farm,2029.41,31.78
2018,33,Walden Glen,1995.86,33.25
2018,34,Lakevale Estates,1994.22,33.29
2018,35,Camelot,1933.38,35.67
2018,36,Mosby Woods,1913.8,36.63
2018,37,Arlington Forest,1905.81,37.15
2018,38,Sleepy Hollow B & R,1889.77,38.4
2018,39,Lakeview,1886.44,38.7
2018,40,Virginia Hills,1870.74,39.74
2018,41,Fox Mill Woods,1863.59,40.27
2018,42,Brandywine,1831.67,41.86
2018,43,Waynewood,1809.77,43.04
2018,44,Greenbriar,1774.86,44.8
2018,45,Dunn Loring,1763.73,45.59
2018,46,Sully Station,1760.73,45.69
2018,47,Old Keene Mill,1751.75,46.26
2018,48,Dominion Hills,1721.37,48.63
2018,49,Pinecrest,1721.02,48.52
2018,50,Fairfax Station,1705.14,49.68
2018,51,Sleepy Hollow Rec,1693.6,50.27
2018,52,Riverside Gardens,1604.75,52
2018,53,Somerset-Olde Creek,1523.82,53.28
2018,54,Cottontail,1504.19,53.91
2018,55,Laurel Hill,1456.43,56.35
2018,56,Great Falls,1453.61,56.57
2018,57,Little Hunting Park,1450.18,56.65
2018,58,Poplar Tree,1444.2,57.12
2018,59,Poplar Heights,1407.22,59.6
2018,60,Fairfax Club Estates,1402.16,59.92
2018,61,Rutherford,1396.95,60.29
2018,62,Hollin Meadows,1367.39,61.73
2018,63,Fox Mill Estates,1337.82,63.24
2018,64,Highland Park,1317.58,64.55
2018,65,South Run,1308.62,64.97
2018,66,Annandale,1294.88,66.06
2018,67,Springboard,1282.99,66.8
2018,68,Truro,1269.13,67.68
2018,69,Hayfield Farm,1236.47,70
2018,70,Kings Ridge,1235.15,70.18
2018,71,Mansion House,1230.57,70.47
2018,72,Rolling Hills,1211.29,71.57
2018,73,Forest Hollow,1205.33,72.06
2018,74,Brookfield,1118.67,74.63
2018,75,Stratford,1109.74,75.15
2018,76,Holmes Run Acres,1080.29,76.52
2018,77,Canterbury Woods,1070.81,77.2
2018,78,Rolling Valley,1061.56,77.9
2018,79,Fox Hunt,1055.34,78.24
2018,80,Shouse Village,1036.74,79.36
2018,81,Rolling Forest,957.73,81.23
2018,82,Woodley,936.1,81.8
2018,83,Burke Station,891.58,83.02
2018,84,Sully Station II,851.39,83.97
2018,85,Parklawn,794.08,85.17
2018,86,Daventry,766.56,85.88
2018,87,Herndon,720.63,87.56
2018,88,Hollin Hills,712.17,87.96
2018,89,Ilda Community,703.54,88.41
2018,90,Lake Braddock,635.35,90
2018,91,Commonwealth,491.76,92.29
2018,92,Long Branch,488.11,92.53
2018,93,Parliament,487.93,92.63
2018,94,Village West,473.07,93.9
2018,95,Broyhill Crest,462.88,94.55
2018,96,Pleasant Valley,455.01,95.1
2018,97,Newington Forest,375.44,97
2018,98,Lincolnia Park,232.56,98.03
2018,99,North Springfield,195,98.97
2018,100,Springfield,120.13,100
2018,101,Pinewood Lake,57.47,101
2018,102,Edsall Park,-57.01,102
2019,1,Chesterbrook,3072.06,1
2019,2,Overlee,2948.05,2.08
2019,3,Tuckahoe,2914.13,2.92
2019,4,Highlands Swim,2842.22,4
2019,5,Donaldson Run,2710.83,5.21
2019,6,Dowden Terrace,2691.05,5.79
2019,7,Crosspointe,2572.15,7.19
2019,8,McLean,2535.39,8.35
2019,9,Mount Vernon Park,2525.39,8.81
2019,10,Fair Oaks,2481.58,10.84
2019,11,High Point Pool,2480.01,11.14
2019,12,Langley,2468.91,11.57
2019,13,Vienna Aquatic,2449.79,12.8
2019,14,Virginia Run,2432.39,13.86
2019,15,Wakefield Chapel,2409.34,15.23
2019,16,Oakton,2393.85,16.16
2019,17,Hamlet,2389.54,16.39
2019,18,Kent Gardens,2345.69,18.15
2019,19,Vienna Woods,2328.87,18.75
2019,20,Cardinal Hill,2300.05,19.81
2019,21,Hunt Valley,2255.16,21.1
2019,22,Sideburn Run,2216.24,22.57
2019,23,Mantua,2203.71,23.11
2019,24,Hiddenbrook,2196,23.6
2019,25,Little Rocky Run,2172.92,24.79
2019,26,Hunter Mill,2138.61,26.33
2019,27,Orange Hunt,2116.09,27.41
2019,28,Brandywine,2107.93,27.85
2019,29,Sleepy Hollow Rec,2100.18,28.19
2019,30,Old Keene Mill,2002.06,30.25
2019,31,Lee Graham,1974.36,31.24
2019,32,Virginia Hills,1964.39,31.61
2019,33,Lakeview,1911.95,33.43
2019,34,Fairfax Club Estates,1899.98,33.83
2019,35,Country Club Hills,1874.4,34.99
2019,36,Waynewood,1847.03,36.17
2019,37,Sleepy Hollow B & R,1836.85,36.74
2019,38,Fox Mill Woods,1799.4,38.75
2019,39,Pinecrest,1794.26,38.95
2019,40,Walden Glen,1785.27,39.59
2019,41,Hollin Meadows,1763.87,40.63
2019,42,Ravensworth Farm,1728.16,42.13
2019,43,Little Hunting Park,1700.77,43.34
2019,44,Dominion Hills,1691.28,43.79
2019,45,Fairfax Station,1671.73,44.61
2019,46,South Run,1602.86,47.84
2019,47,Greenbriar,1598.37,48.19
2019,48,Sully Station,1598.01,48.16
2019,49,Villa Aquatic,1596.87,48.23
2019,50,Highland Park,1588.71,48.99
2019,51,Springboard,1576.58,50.01
2019,52,Fairfax,1549.04,51.68
2019,53,Lakevale Estates,1508.7,53.57
2019,54,Dunn Loring,1478.9,55.96
2019,55,Brookfield,1474.51,56.32
2019,56,Great Falls,1467.15,56.93
2019,57,Poplar Heights,1459.39,57.87
2019,58,Riverside Gardens,1456.83,58.08
2019,59,Arlington Forest,1456.13,58.02
2019,60,Rutherford,1450.82,58.69
2019,61,Stratford,1447.96,59.08
2019,62,Truro,1414.43,62.28
2019,63,Mosby Woods,1405.16,63.03
2019,64,Fox Mill Estates,1397.27,63.59
2019,65,Canterbury Woods,1372.69,65.31
2019,66,Shouse Village,1369.94,65.49
2019,67,Camelot,1367.84,65.73
2019,68,Rolling Forest,1308.67,68.56
2019,69,Somerset-Olde Creek,1285.39,69.87
2019,70,Mansion House,1280.32,70.16
2019,71,Forest Hollow,1266.25,71.33
2019,72,Hayfield Farm,1257.91,71.87
2019,73,Rolling Hills,1244.92,73.18
2019,74,Holmes Run Acres,1236.28,73.63
2019,75,Annandale,1223.27,74.77
2019,76,Sully Station II,1218.26,75.08
2019,77,Cottontail,1191.8,76.77
2019,78,Kings Ridge,1163.52,78.01
2019,79,Woodley,1132.67,79.5
2019,80,Fox Hunt,1116.99,80.16
2019,81,Daventry,1109.79,80.63
2019,82,Poplar Tree,1094.36,81.44
2019,83,Rolling Valley,1039.12,82.95
2019,84,Parklawn,983.65,83.99
2019,85,Laurel Hill,910.27,85
2019,86,Lake Braddock,826.59,86.56
2019,87,Ilda Community,819.01,86.87
2019,88,Herndon,797.84,87.82
2019,89,Hollin Hills,772.65,88.75
2019,90,Burke Station,710.98,90.44
2019,91,Parliament,702.69,90.6
2019,92,Newington Forest,641.54,92.47
2019,93,Long Branch,625.45,93.04
2019,94,Pleasant Valley,616.6,93.46
2019,95,Village West,543.04,95.59
2019,96,Lincolnia Park,536.55,95.75
2019,97,Commonwealth,516.26,96.65
2019,98,Broyhill Crest,420.46,98.13
2019,99,North Springfield,391.94,98.87
2019,100,Springfield,230.75,100.15
2019,101,Pinewood Lake,212.19,100.85
2019,102,Edsall Park,89.87,102
2021,1,Chesterbrook,3127.79,1.29
2021,2,Tuckahoe,3113.54,1.75
2021,3,Overlee,3072.61,2.97
2021,4,Donaldson Run,3013.29,3.99
2021,5,Highlands Swim,2872.93,5.07
2021,6,Fair Oaks,2833.8,6.19
2021,7,Langley,2822.25,6.74
2021,8,McLean,2727.67,8.39
2021,9,Crosspointe,2717.47,8.61
2021,10,Hamlet,2577.02,10.02
2021,11,Wakefield Chapel,2517.37,11.56
2021,12,Old Keene Mill,2498.27,12.74
2021,13,Oakton,2483.29,14.03
2021,14,Kent Gardens,2479.64,14.16
2021,15,Hunt Valley,2478.86,14.31
2021,16,Little Rocky Run,2476.58,14.64
2021,17,High Point Pool,2441.99,16.91
2021,18,Vienna Woods,2418.99,17.81
2021,19,Dowden Terrace,2390.62,18.82
2021,20,Cardinal Hill,2294,20.17
2021,21,Vienna Aquatic,2262.15,21.08
2021,22,Mantua,2226.54,22.79
2021,23,Mount Vernon Park,2223.56,22.92
2021,24,Orange Hunt,2217.45,23.3
2021,25,Virginia Run,2182.13,24.74
2021,26,Brandywine,2111.1,26.29
2021,27,Little Hunting Park,2087.15,27.09
2021,28,Hiddenbrook,2065.38,27.91
2021,29,Lee Graham,2038.29,29.06
2021,30,Sleepy Hollow Rec,2007.82,30.3
2021,31,Virginia Hills,2006.93,30.35
2021,32,Pinecrest,1917.9,32.57
2021,33,Canterbury Woods,1913.79,32.68
2021,34,Fairfax Station,1875.92,33.78
2021,35,Lakevale Estates,1805.1,36.47
2021,36,Dunn Loring,1799.92,36.65
2021,37,Waynewood,1789.82,37.64
2021,38,Dominion Hills,1782.2,38.2
2021,39,South Run,1775.94,38.76
2021,40,Lakeview,1768.63,39.37
2021,41,Springboard,1754.16,40.84
2021,42,Ravensworth Farm,1751.61,41.07
2021,43,Sleepy Hollow B & R,1725.32,43.12
2021,44,Cottontail,1714.82,43.85
2021,45,Country Club Hills,1703.47,44.51
2021,46,Fairfax,1663.89,46.59
2021,47,Arlington Forest,1653.75,47.24
2021,48,Poplar Heights,1650.5,47.44
2021,49,Rolling Hills,1635.36,48.23
2021,50,Hunter Mill,1556.68,50.18
2021,51,Greenbriar,1508.72,51.95
2021,52,Villa Aquatic,1503.41,52.12
2021,53,Parklawn,1476.6,53.96
2021,54,Great Falls,1476.19,54.02
2021,55,Highland Park,1466.91,54.63
2021,56,Riverside Gardens,1459.27,55.19
2021,57,Sully Station,1440.32,56.48
2021,58,Daventry,1408.98,58.34
2021,59,Walden Glen,1387.05,59.85
2021,60,Forest Hollow,1375.1,60.87
2021,61,Mansion House,1361.2,62.11
2021,62,Fairfax Club Estates,1356.78,62.63
2021,63,Fox Hunt,1356.03,62.62
2021,64,Rolling Forest,1340.39,64.32
2021,65,Camelot,1339.62,64.21
2021,66,Poplar Tree,1330.96,65.27
2021,67,Stratford,1317.16,66.4
2021,68,Sideburn Run,1303.06,67.6
2021,69,Hayfield Farm,1302.54,67.69
2021,70,Rolling Valley,1255.23,71.03
2021,71,Shouse Village,1249.34,71.39
2021,72,Hollin Meadows,1247.17,71.64
2021,73,Mosby Woods,1227.83,72.97
2021,74,Somerset-Olde Creek,1219.52,73.32
2021,75,Truro,1199.96,74.32
2021,76,Brookfield,1159.26,75.98
2021,77,Holmes Run Acres,1113.92,77.23
2021,78,Sully Station II,1089.11,78.06
2021,79,Woodley,1068.58,79.14
2021,80,Rutherford,1043.44,80.2
2021,81,Fox Mill Estates,1029.75,80.89
2021,82,Laurel Hill,1015.15,81.53
2021,83,Kings Ridge,972.23,83.44
2021,84,Annandale,948.8,84.69
2021,85,Lake Braddock,947.14,84.79
2021,86,Fox Mill Woods,942.1,84.93
2021,87,Parliament,847.73,87.46
2021,88,Hollin Hills,842.9,87.64
2021,89,Lincolnia Park,794.71,88.9
2021,90,Burke Station,716.84,90.02
2021,91,Herndon,629.12,91.54
2021,92,Commonwealth,617.01,91.96
2021,93,Long Branch,602.46,92.49
2021,94,Ilda Community,523.93,94.02
2021,95,Village West,471.98,95.03
2021,96,Broyhill Crest,421.58,96.59
2021,97,Newington Forest,415.85,96.97
2021,98,North Springfield,408.41,97.38
2021,99,Pleasant Valley,273.63,99.24
2021,100,Springfield,255.7,99.76
2021,101,Pinewood Lake,109.08,101
2021,102,Edsall Park,4.68,102
2022,1,Chesterbrook,3118.98,1.18
2022,2,Tuckahoe,3095.35,1.84
2022,3,Overlee,3051.7,2.98
2022,4,Donaldson Run,2878.33,4.26
2022,5,Highlands Swim,2862.23,4.84
2022,6,Fair Oaks,2820.46,5.92
2022,7,McLean,2748.54,7.08
2022,8,Kent Gardens,2714.2,7.92
2022,9,Langley,2657.06,9.63
2022,10,Crosspointe,2647.53,10.08
2022,11,Old Keene Mill,2644.35,10.27
2022,12,Hamlet,2510.88,12.35
2022,13,Little Rocky Run,2497.19,12.91
2022,14,Cardinal Hill,2470.79,13.75
2022,15,Wakefield Chapel,2395.1,15.24
2022,16,Orange Hunt,2376.3,15.78
2022,17,High Point Pool,2319.15,17.03
2022,18,Hunt Valley,2255.34,18.94
2022,19,Mantua,2253.61,18.84
2022,20,Vienna Woods,2240.45,19.51
2022,21,Lee Graham,2211.87,20.72
2022,22,Oakton,2172.18,22.16
2022,23,Little Hunting Park,2130.71,24.14
2022,24,Dunn Loring,2129.7,24.3
2022,25,Vienna Aquatic,2120.01,24.97
2022,26,Mount Vernon Park,2110.88,25.65
2022,27,Virginia Run,2084.64,27.52
2022,28,Hiddenbrook,2083.47,27.64
2022,29,Virginia Hills,2052.86,30.24
2022,30,Hunter Mill,2051.7,30.37
2022,31,Fairfax,2050.91,30.35
2022,32,Dowden Terrace,2047.45,30.77
2022,33,Sleepy Hollow Rec,2019.75,32.81
2022,34,Lakevale Estates,2010.89,33.36
2022,35,Fairfax Station,1982.94,34.65
2022,36,Springboard,1874.93,36.51
2022,37,Ravensworth Farm,1845.21,37.89
2022,38,Dominion Hills,1839.28,38.16
2022,39,Pinecrest,1836.67,38.34
2022,40,Cottontail,1812.43,39.9
2022,41,South Run,1799.71,40.65
2022,42,Sleepy Hollow B & R,1778.33,41.63
2022,43,Rolling Hills,1724.53,43.51
2022,44,Canterbury Woods,1724.34,43.49
2022,45,Poplar Heights,1662.06,45.43
2022,46,Country Club Hills,1633.99,46.98
2022,47,Arlington Forest,1625.56,47.53
2022,48,Lakeview,1617.42,48.27
2022,49,Mansion House,1613.97,48.54
2022,50,Waynewood,1593.94,50.35
2022,51,Parklawn,1580.65,51.33
2022,52,Walden Glen,1574.48,51.86
2022,53,Holmes Run Acres,1572.6,51.86
2022,54,Camelot,1556.83,53.19
2022,55,Brandywine,1529.23,54.61
2022,56,Sully Station,1456.46,56.22
2022,57,Daventry,1411.8,57.74
2022,58,Fox Hunt,1407.4,57.86
2022,59,Forest Hollow,1383.25,59.22
2022,60,Truro,1374.11,59.65
2022,61,Villa Aquatic,1354.49,60.37
2022,62,Fox Mill Woods,1290.39,63.39
2022,63,Kings Ridge,1288.89,63.69
2022,64,Great Falls,1279.51,64.35
2022,65,Sideburn Run,1262.5,66.01
2022,66,Shouse Village,1255.97,66.62
2022,67,Mosby Woods,1255.77,66.47
2022,68,Rolling Valley,1243.77,67.64
2022,69,Greenbriar,1238.38,68.28
2022,70,Poplar Tree,1225.5,69.42
2022,71,Laurel Hill,1199.53,71.96
2022,72,Fox Mill Estates,1197.6,72.12
2022,73,Fairfax Club Estates,1197.6,72.1
2022,74,Brookfield,1175.75,74.25
2022,75,Sully Station II,1165.72,75.05
2022,76,Highland Park,1160.55,75.53
2022,77,Hollin Meadows,1157.02,75.74
2022,78,Stratford,1120.4,78.29
2022,79,Rolling Forest,1112.28,78.76
2022,80,Woodley,1083.57,80.46
2022,81,Riverside Gardens,1078.03,80.78
2022,82,Hayfield Farm,1061.53,81.76
2022,83,Somerset-Olde Creek,1049.98,82.24
2022,84,Burke Station,951.49,84.64
2022,85,Annandale,948.88,84.8
2022,86,Parliament,926.18,85.64
2022,87,Rutherford,871.66,87.63
2022,88,Lincolnia Park,861.16,88
2022,89,Commonwealth,855.24,88.3
2022,90,Hollin Hills,786.17,90.02
2022,91,Lake Braddock,736.58,90.97
2022,92,Long Branch,607.07,92.01
2022,93,Village West,548.19,93.04
2022,94,Ilda Community,505.7,94.16
2022,95,Herndon,488.07,94.79
2022,96,Springfield,428.27,96.1
2022,97,Broyhill Crest,389.34,97.36
2022,98,North Springfield,383.51,97.6
2022,99,Newington Forest,341.13,99.33
2022,100,Pleasant Valley,336.45,99.61
2022,101,Pinewood Lake,115.76,101
2022,102,Edsall Park,17.65,102
2023,1,Tuckahoe,3115.68,1.31
2023,2,Overlee,3096.43,2.3
2023,3,Chesterbrook,3094.84,2.39
2023,4,Donaldson Run,2963.94,4
2023,5,Highlands Swim,2858.97,5.23
2023,6,Old Keene Mill,2843.78,5.77
2023,7,Langley,2712.24,7.25
2023,8,Kent Gardens,2682.07,8.28
2023,9,Crosspointe,2671.38,8.57
2023,10,Oakton,2637.77,9.9
2023,11,McLean,2552.27,11.01
2023,12,Hunt Valley,2496.79,12
2023,13,Hamlet,2433.4,13.77
2023,14,High Point Pool,2430.96,13.89
2023,15,Little Rocky Run,2417.85,14.57
2023,16,Mantua,2371.85,16.86
2023,17,Vienna Woods,2369.98,17.08
2023,18,Fair Oaks,2354.67,17.95
2023,19,Vienna Aquatic,2352.53,18
2023,20,Orange Hunt,2297.43,19.87
2023,21,Wakefield Chapel,2209.17,21.35
2023,22,Hiddenbrook,2190.31,21.89
2023,23,Virginia Hills,2160.88,22.94
2023,24,Lee Graham,2114.8,24.57
2023,25,Pinecrest,2114.33,24.57
2023,26,Little Hunting Park,2070.24,26.77
2023,27,Cardinal Hill,2068.31,26.84
2023,28,Dunn Loring,2039.44,28.65
2023,29,South Run,2036.65,28.83
2023,30,Virginia Run,2023.23,29.66
2023,31,Waynewood,2004.63,30.85
2023,32,Sleepy Hollow Rec,1997.49,31.2
2023,33,Sleepy Hollow B & R,1945.48,33.38
2023,34,Fairfax Station,1917.77,34.77
2023,35,Dominion Hills,1903.63,35.62
2023,36,Springboard,1902.31,35.7
2023,37,Hunter Mill,1901.54,35.88
2023,38,Canterbury Woods,1854.19,38.53
2023,39,Rolling Hills,1845.39,39.22
2023,40,Poplar Heights,1819.99,40.95
2023,41,Fairfax,1818.4,40.99
2023,42,Parklawn,1814.48,41.42
2023,43,Mount Vernon Park,1791.61,43.2
2023,44,Lakevale Estates,1779.88,43.86
2023,45,Arlington Forest,1773.43,44.35
2023,46,Fox Hunt,1745.37,46.13
2023,47,Dowden Terrace,1744.57,46.3
2023,48,Ravensworth Farm,1713.04,47.82
2023,49,Sully Station,1675.22,49.53
2023,50,Mansion House,1656.33,50.52
2023,51,Villa Aquatic,1651.31,50.73
2023,52,Lakeview,1647.14,51.05
2023,53,Holmes Run Acres,1572.87,53.42
2023,54,Camelot,1542.25,54.49
2023,55,Kings Ridge,1528.5,55.16
2023,56,Cottontail,1522.69,55.57
2023,57,Walden Glen,1492.28,57.2
2023,58,Country Club Hills,1476.65,58.23
2023,59,Hollin Meadows,1461.04,59.44
2023,60,Greenbriar,1443.8,60.56
2023,61,Forest Hollow,1441.46,60.91
2023,62,Shouse Village,1436.44,61.13
2023,63,Highland Park,1414.03,62.73
2023,64,Mosby Woods,1399.59,63.31
2023,65,Rolling Valley,1355.69,65.15
2023,66,Daventry,1327.61,66.12
2023,67,Great Falls,1306.1,67.27
2023,68,Truro,1293.43,67.98
2023,69,Brookfield,1269.71,68.85
2023,70,Rolling Forest,1241.67,70.3
2023,71,Stratford,1228.21,71.11
2023,72,Sideburn Run,1219.51,71.43
2023,73,Poplar Tree,1192.1,72.66
2023,74,Parliament,1148.67,74.34
2023,75,Hayfield Farm,1134.03,74.8
2023,76,Somerset-Olde Creek,1098.16,76.22
2023,77,Woodley,1071.78,77.61
2023,78,Fairfax Club Estates,1060.1,78.25
2023,79,Riverside Gardens,1060.03,78.1
2023,80,Commonwealth,1020.96,80.25
2023,81,Lincolnia Park,1015.65,80.34
2023,82,Burke Station,929.57,82.47
2023,83,Fox Mill Woods,929.42,82.53
2023,84,Brandywine,856.76,84.57
2023,85,Laurel Hill,853.81,84.56
2023,86,Sully Station II,810.95,86.32
2023,87,Lake Braddock,795.2,86.97
2023,88,Fox Mill Estates,779.17,87.58
2023,89,Hollin Hills,647.5,89.22
2023,90,Annandale,621.56,89.9
2023,91,Rutherford,589.67,90.97
2023,92,Long Branch,548.5,91.91
2023,93,Newington Forest,465.16,94.59
2023,94,Ilda Community,464.77,94.46
2023,95,Pleasant Valley,458.22,95.04
2023,96,Village West,452.9,95.33
2023,97,Herndon,448.2,95.58
2023,98,Broyhill Crest,345.86,98.59
2023,99,Springfield,334.81,99
2023,100,North Springfield,323.87,99.41
2023,101,Pinewood Lake,89.44,101
2023,102,Edsall Park,-5.65,102
2024,1,Chesterbrook,3159.13,1.21
2024,2,Tuckahoe,3142.54,1.82
2024,3,Overlee,3104.12,2.97
2024,4,Highlands Swim,2969.49,4
2024,5,Donaldson Run,2904.09,5.2
2024,6,Kent Gardens,2886.48,5.8
2024,7,Old Keene Mill,2811.32,7
2024,8,Crosspointe,2716.39,8.22
2024,9,Fair Oaks,2692.04,9.12
2024,10,Langley,2669.34,10.33
2024,11,Oakton,2658.62,10.96
2024,12,Wakefield Chapel,2649.15,11.37
2024,13,High Point Pool,2530.43,13.12
2024,14,Mantua,2498.72,13.96
2024,15,Hunt Valley,2467.49,14.94
2024,16,Vienna Woods,2407.61,16.16
2024,17,Little Rocky Run,2385.23,16.82
2024,18,McLean,2302.14,18.12
2024,19,Orange Hunt,2254.78,19.63
2024,20,Little Hunting Park,2249.06,19.93
2024,21,Hamlet,2227.02,20.8
2024,22,Hiddenbrook,2210.43,21.59
2024,23,Ravensworth Farm,2161.74,23.41
2024,24,Vienna Aquatic,2152.19,23.92
2024,25,Rolling Hills,2131.26,24.74
2024,26,Lee Graham,2092.68,26.47
2024,27,Fox Hunt,2079.21,26.99
2024,28,Fairfax,2057.42,28.22
2024,29,Pinecrest,2040.84,29.13
2024,30,Cardinal Hill,2029.91,29.85
2024,31,Parklawn,2013.32,31
2024,32,Canterbury Woods,1990.96,32.28
2024,33,Virginia Hills,1980.07,33.06
2024,34,Dominion Hills,1956.64,34.54
2024,35,Springboard,1955.72,34.55
2024,36,Sleepy Hollow Rec,1933.96,35.99
2024,37,Waynewood,1933.33,36.2
2024,38,Cottontail,1880.95,39.82
2024,39,Virginia Run,1878.84,39.78
2024,40,Dunn Loring,1874.49,40.28
2024,41,Mount Vernon Park,1871.25,40.66
2024,42,Sleepy Hollow B & R,1857.28,41.69
2024,43,Lakeview,1855.4,41.81
2024,44,Poplar Heights,1842.96,43.08
2024,45,Greenbriar,1805.5,45.14
2024,46,Dowden Terrace,1796.04,45.77
2024,47,Hunter Mill,1767.93,47.02
2024,48,Fairfax Station,1747.72,47.83
2024,49,Camelot,1707.58,49.66
2024,50,South Run,1702.77,49.79
2024,51,Kings Ridge,1685.33,50.85
2024,52,Arlington Forest,1659.71,52.06
2024,53,Lakevale Estates,1653.2,52.36
2024,54,Villa Aquatic,1591.68,53.98
2024,55,Shouse Village,1483.43,56
2024,56,Truro,1478.96,56.13
2024,57,Sully Station,1464.56,56.99
2024,58,Forest Hollow,1450.86,57.81
2024,59,Mansion House,1442.73,58.2
2024,60,Daventry,1392.29,60.46
2024,61,Hollin Meadows,1383.63,60.6
2024,62,Country Club Hills,1337.39,62.24
2024,63,Mosby Woods,1322.57,62.75
2024,64,Burke Station,1288.19,63.93
2024,65,Hayfield Farm,1237.39,65.52
2024,66,Fairfax Club Estates,1205.61,67.27
2024,67,Poplar Tree,1202.36,67.65
2024,68,Commonwealth,1202.16,67.5
2024,69,Parliament,1180.45,69.43
2024,70,Highland Park,1173.56,69.97
2024,71,Somerset-Olde Creek,1168.34,70.44
2024,72,Rolling Valley,1147.16,72.18
2024,73,Sideburn Run,1142.15,72.71
2024,74,Stratford,1137.97,72.82
2024,75,Riverside Gardens,1098.44,75.78
2024,76,Holmes Run Acres,1096.11,75.96
2024,77,Fox Mill Woods,1083.61,76.92
2024,78,Lincolnia Park,1072.74,77.65
2024,79,Great Falls,1051.13,79.24
2024,80,Brookfield,1040.39,80.09
2024,81,Walden Glen,1038.77,80.24
2024,82,Rolling Forest,1013.48,81.6
2024,83,Woodley,965.6,82.92
2024,84,Laurel Hill,754.31,84.5
2024,85,Fox Mill Estates,743,84.93
2024,86,Sully Station II,727.11,85.58
2024,87,Rutherford,652.55,87.09
2024,88,Hollin Hills,610,88.57
2024,89,Village West,590.25,89.99
2024,90,Brandywine,583.01,90.43
2024,91,Pleasant Valley,572.41,91.13
2024,92,Lake Braddock,571.96,91.31
2024,93,Herndon,565.17,91.64
2024,94,Newington Forest,517.05,94.02
2024,95,Annandale,480.47,95.47
2024,96,Long Branch,478.06,95.46
2024,97,Ilda Community,437.94,97.06
2024,98,North Springfield,412.8,97.83
2024,99,Broyhill Crest,342.18,98.99
2024,100,Springfield,203.53,100
2024,101,Edsall Park,65.91,101
2024,102,Pinewood Lake,6.74,102
2025,1,Tuckahoe,3138.63,1.14
2025,2,Chesterbrook,3115.78,1.86
2025,3,Old Keene Mill,3025.41,3.64
2025,4,Overlee,3022.36,3.69
2025,5,Highlands Swim,3001.71,4.67
2025,6,Oakton,2820.33,6
2025,7,Crosspointe,2730.99,7.5
2025,8,Kent Gardens,2721.02,7.93
2025,9,Fair Oaks,2704.7,8.6
2025,10,Langley,2655.73,10.56
2025,11,Donaldson Run,2639.42,11.25
2025,12,Wakefield Chapel,2638.59,11.42
2025,13,Vienna Aquatic,2610.38,12.74
2025,14,Fox Hunt,2422.87,14.49
2025,15,High Point Pool,2413.43,14.96
2025,16,Hunt Valley,2395.09,15.78
2025,17,Hiddenbrook,2360.07,17.4
2025,18,Little Hunting Park,2354.99,17.54
2025,19,Vienna Woods,2315.51,18.97
2025,20,Mantua,2271.92,20.46
2025,21,Little Rocky Run,2270.1,20.56
2025,22,Poplar Heights,2235.5,21.94
2025,23,Lee Graham,2197.39,22.98
2025,24,Sleepy Hollow B & R,2148.76,24.45
2025,25,Canterbury Woods,2134.71,25.04
2025,26,Parklawn,2117.04,25.9
2025,27,Sleepy Hollow Rec,2084.35,27.56
2025,28,Dowden Terrace,2077.78,27.82
2025,29,Ravensworth Farm,2063.32,28.7
2025,30,Rolling Hills,2033.17,30.83
2025,31,Pinecrest,2011.96,32.54
2025,32,Hamlet,2005.23,33.4
2025,33,Waynewood,1999.06,33.84
2025,34,Dominion Hills,1996.34,34.09
2025,35,Orange Hunt,1995.76,34.25
2025,36,McLean,1991.05,34.93
2025,37,Fairfax,1974.42,36.46
2025,38,Cardinal Hill,1966.26,37.23
2025,39,Dunn Loring,1952.62,38.5
2025,40,Lakeview,1950.53,38.71
2025,41,Virginia Hills,1906.88,40.96
2025,42,Greenbriar,1886.21,42
2025,43,Mount Vernon Park,1859.19,43.09
2025,44,Villa Aquatic,1842.93,43.78
2025,45,Forest Hollow,1803.3,45.15
2025,46,Springboard,1784.84,45.88
2025,47,Lakevale Estates,1745.54,47.22
2025,48,Arlington Forest,1725.39,48.11
2025,49,Mansion House,1711.32,48.71
2025,50,Sully Station,1679.1,49.89
2025,51,Kings Ridge,1646.63,50.92
2025,52,Cottontail,1589.41,52.16
2025,53,Fairfax Station,1566.62,52.98
2025,54,Virginia Run,1530.42,54.34
2025,55,South Run,1502.17,55.8
2025,56,Hollin Meadows,1501.5,55.83
2025,57,Hunter Mill,1500.13,55.86
2025,58,Stratford,1410.13,58.55
2025,59,Hayfield Farm,1399.88,59.04
2025,60,Commonwealth,1378.85,60.15
2025,61,Shouse Village,1374.4,60.49
2025,62,Great Falls,1331.6,62.67
2025,63,Daventry,1316.95,63.48
2025,64,Camelot,1312.99,63.65
2025,65,Parliament,1302.07,64.13
2025,66,Riverside Gardens,1243.82,67.07
2025,67,Rolling Forest,1231.98,68.07
2025,68,Mosby Woods,1224.01,68.74
2025,69,Holmes Run Acres,1216.53,69.46
2025,70,Fairfax Club Estates,1210.2,70.24
2025,71,Somerset-Olde Creek,1205.6,70.6
2025,72,Lincolnia Park,1196.01,71.75
2025,73,Burke Station,1191.8,72.05
2025,74,Truro,1189.69,72.08
2025,75,Poplar Tree,1141.84,75.04
2025,76,Highland Park,1119.69,75.73
2025,77,Brookfield,1043.58,77.39
2025,78,Country Club Hills,1034.74,77.67
2025,79,Fox Mill Woods,988.39,79.04
2025,80,Woodley,957.02,79.9
2025,81,Rolling Valley,857.32,81.25
2025,82,Walden Glen,830.37,82.06
2025,83,Sideburn Run,810.29,83.06
2025,84,Pleasant Valley,777.72,84.51
2025,85,Laurel Hill,771.39,84.93
2025,86,Brandywine,761.96,85.45
2025,87,Newington Forest,729.76,87.34
2025,88,Lake Braddock,721.76,87.69
2025,89,Ilda Community,696.05,89.03
2025,90,Sully Station II,673.82,90.03
2025,91,Herndon,661.13,90.69
2025,92,Long Branch,608.1,92.23
2025,93,Fox Mill Estates,592.09,92.73
2025,94,Hollin Hills,467.66,94.08
2025,95,Rutherford,431.8,94.92
2025,96,Village West,346.96,96.74
2025,97,Annandale,344.25,96.89
2025,98,North Springfield,334.17,97.37
2025,99,Broyhill Crest,213.89,99.12
2025,100,Springfield,189.18,99.88
2025,101,Edsall Park,31.11,101
2025,102,Pinewood Lake,-18,102
